Workbook

Sheet 안내
A1: 빚음 쌀 그래놀라 시제품 예산·원가표
A3: 작성일 | B3: 2026-10-03 (가격은 같은 날 온라인 조사 기준, 주문 전 재확인 필요)
A4: 시트 구성 | B4: 배합표 → 주문목록(예산 요청용) → 원가표(1봉당 원가) 순서로 서로 연결되어 있습니다.
A5: 파란 글씨 | B5: 직접 바꿔도 되는 입력값 (배합비, 생산 계획, 단가, 배송비 등). 바꾸면 나머지가 자동 계산됩니다.
A6: 검은 글씨 | B6: 계산식. 직접 수정하지 마세요.
A7: 초록 글씨 | B7: 다른 시트에서 가져온 값.
A8: 노란 칸 | B8: 아직 확인되지 않은 값(견적·인터뷰 필요). 채워야 정확해집니다.
A9: 기준 | B9: 확정 기준: 1봉 250g, 완제품 기준 쌀발효곡물 30%(건조 75g), 판매가 8,900원(잠정).
A10: 출발점 | B10: 기존 에너지바 배합표(suljigemi_energy_bar_recipe.xlsx, 지게미 15%)를 그래놀라·30% 기준으로 바꿨습니다. 비율은 시제품 테스트 후 조정하세요.

Sheet 배합표
A1: 그래놀라 배합표 (원료 투입 기준)
A2: 쌀발효곡물은 굽는 동안 무게가 거의 줄지 않아, 원료 기준 27%가 완제품(수율 90%) 기준 약 30%가 됩니다.
A4: 재료 | B4: 배합비 | C4: 1봉(250g) 원료 중량(g) | D4: 역할·설명 | E4: 기존 에너지바 배합비
A5: 건조 쌀발효곡물 | B5: 0.27 | C5: =B5*주문목록!$C$4/주문목록!$C$5 -> 75 | D5: 완전 건조 후 거칠게 분쇄. 구수한 풍미, 핵심 원료 | E5: 0.15
A6: 압착귀리(롤드 오트) | B6: 0.317 | C6: =B6*주문목록!$C$4/주문목록!$C$5 -> 88.055556 | D6: 식감과 구조를 잡는 베이스 | E6: 0.5
A7: 아몬드 슬라이스 | B7: 0.06 | C7: =B7*주문목록!$C$4/주문목록!$C$5 -> 16.666667 | D7: 고소한 맛과 바삭함 | E7: 견과·씨앗 합 15%
A8: 호박씨 | B8: 0.05 | C8: =B8*주문목록!$C$4/주문목록!$C$5 -> 13.888889 | D8: 씨앗류 토핑 | E8: -
A9: 해바라기씨 | B9: 0.04 | C9: =B9*주문목록!$C$4/주문목록!$C$5 -> 11.111111 | D9: 씨앗류 토핑 | E9: -
A10: 건크랜베리 | B10: 0.05 | C10: =B10*주문목록!$C$4/주문목록!$C$5 -> 13.888889 | D10: 굽고 식힌 뒤 넣는 건과일 (공정 8단계) | E10: -
A11: 쌀조청 | B11: 0.16 | C11: =B11*주문목록!$C$4/주문목록!$C$5 -> 44.444444 | D11: 바인더(당류). 40~50°C로 데워 투입. 쌀 원료라 브랜드와도 맞음 | E11: 0.15
A12: 현미유 | B12: 0.05 | C12: =B12*주문목록!$C$4/주문목록!$C$5 -> 13.888889 | D12: 바인더(유지). 표면 바삭함 | E12: 0.05
A13: 소금 | B13: 0.003 | C13: =B13*주문목록!$C$4/주문목록!$C$5 -> 0.83333333 | D13: 단맛 균형 | E13: -
A14: 합계 (100%여야 함) | B14: =SUM(B5:B13) -> 1 | C14: =SUM(C5:C13) -> 277.77778 | D14: 1봉 원료 합계 = 250g ÷ 수율
A16: 완제품 기준 쌀발효곡물 비율 | B16: =C5/주문목록!$C$4 -> 0.3 | C16: 목표 30% (홈페이지·PPT에 표기된 값)

Sheet 주문목록
A1: 시제품 재료 주문목록 (예산 요청용)
A2: 가격: 2026-10-03 온라인 판매가 조사. 할인·품절로 바뀔 수 있으니 주문 직전 링크에서 다시 확인하세요.
B3: 생산 계획 (파란 값만 바꾸세요)
B4: 1봉 중량(g) | C4: 250
B5: 수율 (원료 → 완제품) | C5: 0.9
B6: 레시피 테스트 횟수 | C6: 3
B7: 테스트 1회 완제품(kg) | C7: 1
B8: 시식 인원(명) | C8: 40
B9: 1인 시식량(g) | C9: 30
B10: 발표·전시용 포장 봉수 | C10: 10
B11: 구매 여유율 | C11: 0.1
B12: 예비비율 | C12: 0.1
B14: 완제품 총량(kg) | C14: =C6*C7+C8*C9/1000+C10*C4/1000 -> 6.7
B15: 필요 원료 총량(kg, 여유 포함) | C15: =C14/C5*(1+C11) -> 8.1888889
A17: 구분 | B17: 품목 | C17: 배합비 | D17: 필요량(kg·매) | E17: 구매 단위 | F17: 단위 중량(kg)·매수 | G17: 구매 수량 | H17: 단가(원) | I17: 배송비(원) | J17: 금액(원) | K17: 구매처·링크 | L17: 비고
A18: 원재료 | B18: 건조 쌀발효곡물 | C18: =배합표!B5 -> 0.27 | D18: =C18*$C$15 -> 2.211 | E18: 양조장 수령 | F18: - | G18: - | H18: 0 | I18: 0 | J18: =N(H18)+N(I18) -> 0 | K18: 협력 양조장 (10월 말 방문) | L18: 무상 수령 가정. 생주박은 수분이 많아 건조하면 무게가 크게 줄어듦 → 수령량은 인터뷰에서 수분 함량 확인 후 결정
A19: 원재료 | B19: 압착귀리(롤드 오트) | C19: =배합표!B6 -> 0.317 | D19: =C19*$C$15 -> 2.5958778 | E19: 1kg (500g×2) | F19: 1 | G19: =ROUNDUP(D19/F19,0) -> 3 | H19: 7900 | I19: 3000 | J19: =G19*N(H19)+N(I19) -> 26700 | K19: https://m.11st.co.kr/products/8808200493 | L19: 배송비는 가정값
A20: 원재료 | B20: 아몬드 슬라이스 | C20: =배합표!B7 -> 0.06 | D20: =C20*$C$15 -> 0.49133333 | E20: 1kg | F20: 1 | G20: =ROUNDUP(D20/F20,0) -> 1 | H20: 16900 | I20: 0 | J20: =G20*N(H20)+N(I20) -> 16900 | K20: https://www.coupang.com/vp/products/9599749 | L20: 무료배송
A21: 원재료 | B21: 호박씨 | C21: =배합표!B8 -> 0.05 | D21: =C21*$C$15 -> 0.40944444 | E21: 1kg | F21: 1 | G21: =ROUNDUP(D21/F21,0) -> 1 | H21: 9800 | I21: 0 | J21: =G21*N(H21)+N(I21) -> 9800 | K21: https://www.coupang.com/vp/products/1343250089 | L21: 무료배송
A22: 원재료 | B22: 해바라기씨(탈각) | C22: =배합표!B9 -> 0.04 | D22: =C22*$C$15 -> 0.32755556 | E22: 500g | F22: 0.5 | G22: =ROUNDUP(D22/F22,0) -> 1 | H22: 3640 | I22: 3000 | J22: =G22*N(H22)+N(I22) -> 6640 | K22: https://www.coupang.com/vp/products/44837595 | L22: 로켓배송 19,800원 미만 시 배송비 가정
A23: 원재료 | B23: 건크랜베리 | C23: =배합표!B10 -> 0.05 | D23: =C23*$C$15 -> 0.40944444 | E23: 1kg | F23: 1 | G23: =ROUNDUP(D23/F23,0) -> 1 | H23: 9900 | I23: 0 | J23: =G23*N(H23)+N(I23) -> 9900 | K23: https://www.coupang.com/vp/products/9614868442 | L23: 무료배송
A24: 원재료 | B24: 쌀조청 | C24: =배합표!B11 -> 0.16 | D24: =C24*$C$15 -> 1.3102222 | E24: 1.2kg | F24: 1.2 | G24: =ROUNDUP(D24/F24,0) -> 2 | H24: 7170 | I24: 0 | J24: =G24*N(H24)+N(I24) -> 14340 | K24: https://www.coupang.com/vp/products/9135135088 | L24: 무료배송, 우리쌀 조청
A25: 원재료 | B25: 현미유 | C25: =배합표!B12 -> 0.05 | D25: =C25*$C$15 -> 0.40944444 | E25: 500ml | F25: 0.46 | G25: =ROUNDUP(D25/F25,0) -> 1 | H25: 5330 | I25: 3000 | J25: =G25*N(H25)+N(I25) -> 8330 | K25: https://www.coupang.com/vp/products/9063908964 | L25: 500ml ≈ 0.46kg. 배송비 가정
A26: 원재료 | B26: 소금 | C26: =배합표!B13 -> 0.003 | D26: =C26*$C$15 -> 0.024566667 | E26: 보유품 사용 | F26: - | G26: - | H26: 0 | I26: 0 | J26: =N(H26)+N(I26) -> 0 | L26: 필요량 수십 g 수준
A27: 원재료(선택) | B27: 시판 술지게미 (사전 레시피 테스트용) | C27: - | D27: 1 | E27: 1kg | F27: 1 | G27: =ROUNDUP(D27/F27,0) -> 1 | J27: =G27*N(H27)+N(I27) -> 0 | K27: 견적 필요 | L27: 양조장 방문 전에 레시피를 먼저 잡고 싶을 때만. 판매처·가격 확인 필요
A28: 포장 | B28: 크라프트 무광창 스탠드 지퍼백 180×260mm | C28: - | D28: =C10+5 -> 15 | E28: 100매 | F28: 100 | G28: =ROUNDUP(D28/F28,0) -> 1 | H28: 19600 | I28: 3000 | J28: =G28*N(H28)+N(I28) -> 22600 | K28: https://www.foodspring.co.kr/goods/detail/723398 | L28: 250g 완제품 포장용. 같은 판매자 5만원 이상 무료배송
A29: 포장 | B29: 크라프트 스탠드 지퍼백 100×170mm (시식 소분) | C29: - | D29: =C8 -> 40 | E29: 100매 | F29: 100 | G29: =ROUNDUP(D29/F29,0) -> 1 | H29: 11500 | I29: 0 | J29: =G29*N(H29)+N(I29) -> 11500 | K29: https://www.foodspring.co.kr/goods/detail/717727 | L29: 위 파우치와 같은 판매자 → 배송비 합산
A30: 소모품 | B30: 종이호일 30cm 롤 | C30: - | D30: 1 | E30: 1롤 | F30: 1 | G30: =ROUNDUP(D30/F30,0) -> 1 | H30: 6490 | I30: 3000 | J30: =G30*N(H30)+N(I30) -> 9490 | K30: https://www.coupang.com/vp/products/7936926969 | L30: 배송비 가정
A31: 소모품 | B31: 위생장갑·위생모 | C31: - | D31: - | E31: - | F31: - | G31: - | J31: =N(H31)+N(I31) -> 0 | K31: 실습실 보유 확인 | L31: 없으면 추가 구매
I32: 소계 | J32: =SUM(J18:J31) -> 136200
I33: 예비비 | J33: =J32*C12 -> 13620
I34: 총 요청액 | J34: =ROUNDUP(J32+J33,-3) -> 150000 | K34: 천 원 단위 올림
A36: ※ 노란 칸(시판 술지게미, 위생용품)은 견적이 없어 소계에 0원으로 들어가 있습니다. 필요하면 단가를 넣으세요.
A37: ※ 쌀발효곡물은 양조장 무상 수령을 가정했습니다. 유상이면 단가를 넣으세요.

Sheet 원가표
A1: 1봉(250g) 원가표
A2: 재료비는 시제품용 온라인 소매가 기준이라, 실제 생산(대량 구매) 단가는 더 낮아집니다. 노란 칸은 인터뷰·OEM 견적 후 채우세요.
A4: 항목 | B4: 1봉 사용량 | C4: 단위 | D4: 단가 (원/g·원/매) | E4: 1봉 비용(원) | F4: 근거·비고
A5: 건조 쌀발효곡물 | B5: =배합표!C5 -> 75 | C5: g | D5: 0 | E5: =B5*D5 -> 0 | F5: 양조장 무상 가정. 유상이면 원/g 입력 (인터뷰 후)
A6: 압착귀리(롤드 오트) | B6: =배합표!C6 -> 88.055556 | C6: g | D6: =주문목록!H19/(주문목록!F19*1000) -> 7.9 | E6: =B6*D6 -> 695.63889 | F6: 주문목록 단가 ÷ 단위 중량
A7: 아몬드 슬라이스 | B7: =배합표!C7 -> 16.666667 | C7: g | D7: =주문목록!H20/(주문목록!F20*1000) -> 16.9 | E7: =B7*D7 -> 281.66667 | F7: 주문목록 단가 ÷ 단위 중량
A8: 호박씨 | B8: =배합표!C8 -> 13.888889 | C8: g | D8: =주문목록!H21/(주문목록!F21*1000) -> 9.8 | E8: =B8*D8 -> 136.11111 | F8: 주문목록 단가 ÷ 단위 중량
A9: 해바라기씨 | B9: =배합표!C9 -> 11.111111 | C9: g | D9: =주문목록!H22/(주문목록!F22*1000) -> 7.28 | E9: =B9*D9 -> 80.888889 | F9: 주문목록 단가 ÷ 단위 중량
A10: 건크랜베리 | B10: =배합표!C10 -> 13.888889 | C10: g | D10: =주문목록!H23/(주문목록!F23*1000) -> 9.9 | E10: =B10*D10 -> 137.5 | F10: 주문목록 단가 ÷ 단위 중량
A11: 쌀조청 | B11: =배합표!C11 -> 44.444444 | C11: g | D11: =주문목록!H24/(주문목록!F24*1000) -> 5.975 | E11: =B11*D11 -> 265.55556 | F11: 주문목록 단가 ÷ 단위 중량
A12: 현미유 | B12: =배합표!C12 -> 13.888889 | C12: g | D12: =주문목록!H25/(주문목록!F25*1000) -> 11.586957 | E12: =B12*D12 -> 160.92995 | F12: 주문목록 단가 ÷ 단위 중량
A13: 소금 | B13: =배합표!C13 -> 0.83333333 | C13: g | D13: 0.001 | E13: =B13*D13 -> 0.00083333333 | F13: 보유품, 무시 가능한 수준
A14: 포장 파우치 | B14: 1 | C14: 매 | D14: =주문목록!H28/주문목록!F28 -> 196 | E14: =B14*D14 -> 196 | F14: 100매 묶음 단가
A15: 라벨 스티커 | B15: 1 | C15: 매 | E15: =B15*N(D15) -> 0 | F15: 견적 필요
A16: ① 재료·포장비 합계 | E16: =SUM(E5:E15) -> 1954.2919
A17: 추가 원가 (1봉당, 견적·인터뷰 후 입력)
A18: 주박 수거·건조·분쇄 가공비 | C18: 원 | F18: 양조장 인터뷰·건조 방식 결정 후
A19: OEM 제조 위탁비 | C19: 원 | F19: HACCP OEM 견적
A20: 물류·배송비 | C20: 원 | F20: 택배 계약 단가 ÷ 봉수
A21: 품질검사비 (자가품질·알코올 검사) | C21: 원 | F21: 검사기관 견적 ÷ 생산 봉수 (법률·규제 검토 ③⑥)
A22: 판매 수수료율 (플랫폼·펀딩) | C22: % | E22: =N(D22)*$B$25 -> 0 | F22: 판매가 × 수수료율
A23: ② 1봉 총원가 | E23: =E16+SUM(E18:E22) -> 1954.2919 | F23: 빈 노란 칸은 0으로 계산됨
A25: 판매가 (1봉, 잠정) | B25: 8900 | C25: 원
A26: 재료·포장비 비율 | B26: =IF(B25=0,0,E16/B25) -> 0.21958336
A27: 매출총이익 (판매가 − 총원가) | B27: =B25-E23 -> 6945.7081
A28: 매출총이익률 | B28: =IF(B25=0,0,(B25-E23)/B25) -> 0.78041664
A30: ※ 노란 칸이 비어 있는 동안의 이익률은 실제보다 높게 나옵니다. 발표에는 추가 원가를 채운 뒤의 값을 쓰세요.
